<keymap version="1" name="Eclipse 副本" parent="Eclipse">
  <action id="CloseContent">
    <keyboard-shortcut first-keystroke="ctrl f4" />
    <keyboard-shortcut first-keystroke="ctrl w" />
  </action>
  <action id="CodotaJavaScriptSearch" />
  <action id="CodotaLeanSearchCrossRefAction" />
  <action id="ConsoleView.ClearAll">
    <keyboard-shortcut first-keystroke="alt d" />
  </action>
  <action id="CopyStoryContent" />
  <action id="Find">
    <keyboard-shortcut first-keystroke="ctrl f" />
  </action>
  <action id="GotoFile" />
  <action id="JRebel Executor">
    <keyboard-shortcut first-keystroke="shift ctrl r" />
  </action>
  <action id="Replace" />
  <action id="ReplaceInPath">
    <keyboard-shortcut first-keystroke="shift ctrl g" />
  </action>
  <action id="RunClass" />
  <action id="编辑器Undo">
    <keyboard-shortcut first-keystroke="ctrl z" />
  </action>
</keymap>