<application>
  <component name="LocalDatabaseDriverManager" version="201">
    <driver id="h2.unified">
      <artifact id="H2" name="H2" use="true" version="2.1.210" />
    </driver>
    <driver id="sqlserver.ms">
      <artifact id="SQL Server" name="SQL Server" channel="fixed" rolling="false" use="true" version="6.4.0" />
    </driver>
    <driver id="sqlserver.localdb.jtds">
      <artifact />
      <artifact id="jTDS SQL Server and Sybase" name="jTDS SQL Server and Sybase" use="true" version="1.3.1.1" />
    </driver>
    <driver id="mysql.8">
      <artifact />
      <artifact id="MySQL ConnectorJ" name="MySQL ConnectorJ" use="true" version="8.0.25" />
    </driver>
    <driver id="java.sql.Driver" name="User Driver" driver-class="java.sql.Driver" />
  </component>
</application>