<application>
  <component name="GeneralSettings">
    <option name="autoSaveIfInactive" value="true" />
    <option name="confirmExit" value="false" />
    <option name="inactiveTimeout" value="10" />
    <option name="processCloseConfirmation" value="TERMINATE" />
    <option name="reopenLastProject" value="false" />
    <option name="showTipsOnStartup" value="false" />
  </component>
  <component name="Registry">
    <entry key="git.explicit.commit.renames.prohibit.multiple.calls" value="false" />
    <entry key="ide.experimental.ui" value="true" />
    <entry key="debugger.watches.in.variables" value="false" />
  </component>
</application>