<application>
  <component name="AppStorage">
    <option name="newTranslationDialogHeight" value="429" />
    <option name="newTranslationDialogWidth" value="590" />
    <option name="newTranslationDialogX" value="558" />
    <option name="newTranslationDialogY" value="155" />
    <option name="pinTranslationDialog" value="true" />
    <histories>
      <item value="效率" />
      <item value="提高" />
      <item value="2002" />
      <item value="同比" />
      <item value="业绩得分" />
      <item value="kotlin" />
      <item value="处理器" />
      <item value="Processer" />
      <item value="after Fill Data" />
      <item value="当天" />
      <item value="Predicate" />
      <item value="to Lower Case" />
      <item value="平台" />
      <item value="跳转" />
      <item value="is Assignable From" />
      <item value="事件" />
      <item value="五级菜单" />
      <item value="Error attempting to get column 'guoliang_registion_type' from result set" />
      <item value="向上" />
      <item value="WRITABLE DIRECT" />
      <item value="CHUNK" />
      <item value="UNDERLYING" />
      <item value="IMGTEMPLATE" />
      <item value="ALIGN BASELINE" />
      <item value="direct Content Under" />
      <item value="mask" />
      <item value="image Mask" />
      <item value="additional" />
      <item value="smask" />
      <item value="transparency" />
      <item value="alt" />
      <item value="alignment" />
      <item value="Hide Toolbar" />
      <item value="ORIGINAL" />
      <item value="TEXTWRAP" />
      <item value="PARAGRAPH" />
      <item value="客户需求" />
      <item value="企业反馈" />
      <item value="积分" />
      <item value="管理器" />
      <item value="省略号" />
      <item value="责任人" />
      <item value="推荐" />
      <item value="SqlSession [org.apache.ibatis.session.defaults.DefaultSqlSession@7d4c9a9e] was not registered for synchronization because synchronization is not active" />
      <item value="Transaction synchronization closing SqlSession" />
      <item value="Transaction synchronization deregistering SqlSession" />
      <item value="Transaction synchronization committing SqlSession" />
      <item value="电子仓" />
      <item value="权限" />
      <item value="开通相关权限" />
    </histories>
    <option name="languageScores">
      <map>
        <entry key="CHINESE" value="281" />
        <entry key="ENGLISH" value="277" />
        <entry key="AFRIKAANS" value="1" />
        <entry key="ROMANIAN" value="1" />
        <entry key="NORWEGIAN" value="1" />
      </map>
    </option>
  </component>
  <component name="Cache">
    <option name="lastTrimTime" value="1671179957249" />
  </component>
  <component name="Settings">
    <option name="translator" value="YOUDAO" />
    <option name="youdaoTranslateSettings">
      <youdao-translate>
        <option name="appId" value="67aaf443b6427f12" />
      </youdao-translate>
    </option>
  </component>
</application>