<application>
  <component name="ProjectJdkTable">
    <jdk version="2">
      <name value="11" />
      <type value="JavaSDK" />
      <version value="java version &quot;11.0.3&quot;" />
      <homePath value="$APPLICATION_HOME_DIR$/jbr" />
      <roots>
        <annotationsPath>
          <root type="composite">
            <root url="jar://$APPLICATION_HOME_DIR$/plugins/java/lib/jdkAnnotations.jar!/" type="simple" />
          </root>
        </annotationsPath>
        <classPath>
          <root type="composite">
            <root url="jrt://C:/Program Files/JetBrains/IntelliJ IDEA 2019.2/jbr!/java.base" type="simple" />
            <root url="jrt://C:/Program Files/JetBrains/IntelliJ IDEA 2019.2/jbr!/java.compiler" type="simple" />
            <root url="jrt://C:/Program Files/JetBrains/IntelliJ IDEA 2019.2/jbr!/java.datatransfer" type="simple" />
            <root url="jrt://C:/Program Files/JetBrains/IntelliJ IDEA 2019.2/jbr!/java.desktop" type="simple" />
            <root url="jrt://C:/Program Files/JetBrains/IntelliJ IDEA 2019.2/jbr!/java.instrument" type="simple" />
            <root url="jrt://C:/Program Files/JetBrains/IntelliJ IDEA 2019.2/jbr!/java.logging" type="simple" />
            <root url="jrt://C:/Program Files/JetBrains/IntelliJ IDEA 2019.2/jbr!/java.management" type="simple" />
            <root url="jrt://C:/Program Files/JetBrains/IntelliJ IDEA 2019.2/jbr!/java.management.rmi" type="simple" />
            <root url="jrt://C:/Program Files/JetBrains/IntelliJ IDEA 2019.2/jbr!/java.naming" type="simple" />
            <root url="jrt://C:/Program Files/JetBrains/IntelliJ IDEA 2019.2/jbr!/java.net.http" type="simple" />
            <root url="jrt://C:/Program Files/JetBrains/IntelliJ IDEA 2019.2/jbr!/java.prefs" type="simple" />
            <root url="jrt://C:/Program Files/JetBrains/IntelliJ IDEA 2019.2/jbr!/java.rmi" type="simple" />
            <root url="jrt://C:/Program Files/JetBrains/IntelliJ IDEA 2019.2/jbr!/java.scripting" type="simple" />
            <root url="jrt://C:/Program Files/JetBrains/IntelliJ IDEA 2019.2/jbr!/java.se" type="simple" />
            <root url="jrt://C:/Program Files/JetBrains/IntelliJ IDEA 2019.2/jbr!/java.security.jgss" type="simple" />
            <root url="jrt://C:/Program Files/JetBrains/IntelliJ IDEA 2019.2/jbr!/java.security.sasl" type="simple" />
            <root url="jrt://C:/Program Files/JetBrains/IntelliJ IDEA 2019.2/jbr!/java.smartcardio" type="simple" />
            <root url="jrt://C:/Program Files/JetBrains/IntelliJ IDEA 2019.2/jbr!/java.sql" type="simple" />
            <root url="jrt://C:/Program Files/JetBrains/IntelliJ IDEA 2019.2/jbr!/java.sql.rowset" type="simple" />
            <root url="jrt://C:/Program Files/JetBrains/IntelliJ IDEA 2019.2/jbr!/java.transaction.xa" type="simple" />
            <root url="jrt://C:/Program Files/JetBrains/IntelliJ IDEA 2019.2/jbr!/java.xml" type="simple" />
            <root url="jrt://C:/Program Files/JetBrains/IntelliJ IDEA 2019.2/jbr!/java.xml.crypto" type="simple" />
            <root url="jrt://C:/Program Files/JetBrains/IntelliJ IDEA 2019.2/jbr!/javafx.base" type="simple" />
            <root url="jrt://C:/Program Files/JetBrains/IntelliJ IDEA 2019.2/jbr!/javafx.controls" type="simple" />
            <root url="jrt://C:/Program Files/JetBrains/IntelliJ IDEA 2019.2/jbr!/javafx.fxml" type="simple" />
            <root url="jrt://C:/Program Files/JetBrains/IntelliJ IDEA 2019.2/jbr!/javafx.graphics" type="simple" />
            <root url="jrt://C:/Program Files/JetBrains/IntelliJ IDEA 2019.2/jbr!/javafx.media" type="simple" />
            <root url="jrt://C:/Program Files/JetBrains/IntelliJ IDEA 2019.2/jbr!/javafx.swing" type="simple" />
            <root url="jrt://C:/Program Files/JetBrains/IntelliJ IDEA 2019.2/jbr!/javafx.web" type="simple" />
            <root url="jrt://C:/Program Files/JetBrains/IntelliJ IDEA 2019.2/jbr!/jdk.accessibility" type="simple" />
            <root url="jrt://C:/Program Files/JetBrains/IntelliJ IDEA 2019.2/jbr!/jdk.aot" type="simple" />
            <root url="jrt://C:/Program Files/JetBrains/IntelliJ IDEA 2019.2/jbr!/jdk.attach" type="simple" />
            <root url="jrt://C:/Program Files/JetBrains/IntelliJ IDEA 2019.2/jbr!/jdk.charsets" type="simple" />
            <root url="jrt://C:/Program Files/JetBrains/IntelliJ IDEA 2019.2/jbr!/jdk.compiler" type="simple" />
            <root url="jrt://C:/Program Files/JetBrains/IntelliJ IDEA 2019.2/jbr!/jdk.crypto.cryptoki" type="simple" />
            <root url="jrt://C:/Program Files/JetBrains/IntelliJ IDEA 2019.2/jbr!/jdk.crypto.ec" type="simple" />
            <root url="jrt://C:/Program Files/JetBrains/IntelliJ IDEA 2019.2/jbr!/jdk.dynalink" type="simple" />
            <root url="jrt://C:/Program Files/JetBrains/IntelliJ IDEA 2019.2/jbr!/jdk.httpserver" type="simple" />
            <root url="jrt://C:/Program Files/JetBrains/IntelliJ IDEA 2019.2/jbr!/jdk.internal.ed" type="simple" />
            <root url="jrt://C:/Program Files/JetBrains/IntelliJ IDEA 2019.2/jbr!/jdk.internal.jvmstat" type="simple" />
            <root url="jrt://C:/Program Files/JetBrains/IntelliJ IDEA 2019.2/jbr!/jdk.internal.le" type="simple" />
            <root url="jrt://C:/Program Files/JetBrains/IntelliJ IDEA 2019.2/jbr!/jdk.internal.vm.ci" type="simple" />
            <root url="jrt://C:/Program Files/JetBrains/IntelliJ IDEA 2019.2/jbr!/jdk.internal.vm.compiler" type="simple" />
            <root url="jrt://C:/Program Files/JetBrains/IntelliJ IDEA 2019.2/jbr!/jdk.internal.vm.compiler.management" type="simple" />
            <root url="jrt://C:/Program Files/JetBrains/IntelliJ IDEA 2019.2/jbr!/jdk.jdi" type="simple" />
            <root url="jrt://C:/Program Files/JetBrains/IntelliJ IDEA 2019.2/jbr!/jdk.jdwp.agent" type="simple" />
            <root url="jrt://C:/Program Files/JetBrains/IntelliJ IDEA 2019.2/jbr!/jdk.jfr" type="simple" />
            <root url="jrt://C:/Program Files/JetBrains/IntelliJ IDEA 2019.2/jbr!/jdk.jsobject" type="simple" />
            <root url="jrt://C:/Program Files/JetBrains/IntelliJ IDEA 2019.2/jbr!/jdk.localedata" type="simple" />
            <root url="jrt://C:/Program Files/JetBrains/IntelliJ IDEA 2019.2/jbr!/jdk.management" type="simple" />
            <root url="jrt://C:/Program Files/JetBrains/IntelliJ IDEA 2019.2/jbr!/jdk.management.agent" type="simple" />
            <root url="jrt://C:/Program Files/JetBrains/IntelliJ IDEA 2019.2/jbr!/jdk.management.jfr" type="simple" />
            <root url="jrt://C:/Program Files/JetBrains/IntelliJ IDEA 2019.2/jbr!/jdk.naming.dns" type="simple" />
            <root url="jrt://C:/Program Files/JetBrains/IntelliJ IDEA 2019.2/jbr!/jdk.naming.rmi" type="simple" />
            <root url="jrt://C:/Program Files/JetBrains/IntelliJ IDEA 2019.2/jbr!/jdk.net" type="simple" />
            <root url="jrt://C:/Program Files/JetBrains/IntelliJ IDEA 2019.2/jbr!/jdk.pack" type="simple" />
            <root url="jrt://C:/Program Files/JetBrains/IntelliJ IDEA 2019.2/jbr!/jdk.scripting.nashorn" type="simple" />
            <root url="jrt://C:/Program Files/JetBrains/IntelliJ IDEA 2019.2/jbr!/jdk.scripting.nashorn.shell" type="simple" />
            <root url="jrt://C:/Program Files/JetBrains/IntelliJ IDEA 2019.2/jbr!/jdk.sctp" type="simple" />
            <root url="jrt://C:/Program Files/JetBrains/IntelliJ IDEA 2019.2/jbr!/jdk.security.auth" type="simple" />
            <root url="jrt://C:/Program Files/JetBrains/IntelliJ IDEA 2019.2/jbr!/jdk.security.jgss" type="simple" />
            <root url="jrt://C:/Program Files/JetBrains/IntelliJ IDEA 2019.2/jbr!/jdk.unsupported" type="simple" />
            <root url="jrt://C:/Program Files/JetBrains/IntelliJ IDEA 2019.2/jbr!/jdk.xml.dom" type="simple" />
            <root url="jrt://C:/Program Files/JetBrains/IntelliJ IDEA 2019.2/jbr!/jdk.zipfs" type="simple" />
          </root>
        </classPath>
        <javadocPath>
          <root type="composite" />
        </javadocPath>
        <sourcePath>
          <root type="composite" />
        </sourcePath>
      </roots>
      <additional />
    </jdk>
    <jdk version="2">
      <name value="1.8" />
      <type value="JavaSDK" />
      <version value="java version &quot;1.8.0_212&quot;" />
      <homePath value="E:/develop/jdk1.8.0_212/jdk1.8.0_212" />
      <roots>
        <annotationsPath>
          <root type="composite">
            <root url="jar://$APPLICATION_HOME_DIR$/plugins/java/lib/jdkAnnotations.jar!/" type="simple" />
            <root url="jar://$APPLICATION_HOME_DIR$/plugins/java/lib/resources/jdkAnnotations.jar!/" type="simple" />
          </root>
        </annotationsPath>
        <classPath>
          <root type="composite">
            <root url="jar://E:/develop/jdk1.8.0_212/jdk1.8.0_212/jre/lib/charsets.jar!/" type="simple" />
            <root url="jar://E:/develop/jdk1.8.0_212/jdk1.8.0_212/jre/lib/deploy.jar!/" type="simple" />
            <root url="jar://E:/develop/jdk1.8.0_212/jdk1.8.0_212/jre/lib/ext/access-bridge-64.jar!/" type="simple" />
            <root url="jar://E:/develop/jdk1.8.0_212/jdk1.8.0_212/jre/lib/ext/cldrdata.jar!/" type="simple" />
            <root url="jar://E:/develop/jdk1.8.0_212/jdk1.8.0_212/jre/lib/ext/dnsns.jar!/" type="simple" />
            <root url="jar://E:/develop/jdk1.8.0_212/jdk1.8.0_212/jre/lib/ext/jaccess.jar!/" type="simple" />
            <root url="jar://E:/develop/jdk1.8.0_212/jdk1.8.0_212/jre/lib/ext/jfxrt.jar!/" type="simple" />
            <root url="jar://E:/develop/jdk1.8.0_212/jdk1.8.0_212/jre/lib/ext/localedata.jar!/" type="simple" />
            <root url="jar://E:/develop/jdk1.8.0_212/jdk1.8.0_212/jre/lib/ext/nashorn.jar!/" type="simple" />
            <root url="jar://E:/develop/jdk1.8.0_212/jdk1.8.0_212/jre/lib/ext/sunec.jar!/" type="simple" />
            <root url="jar://E:/develop/jdk1.8.0_212/jdk1.8.0_212/jre/lib/ext/sunjce_provider.jar!/" type="simple" />
            <root url="jar://E:/develop/jdk1.8.0_212/jdk1.8.0_212/jre/lib/ext/sunmscapi.jar!/" type="simple" />
            <root url="jar://E:/develop/jdk1.8.0_212/jdk1.8.0_212/jre/lib/ext/sunpkcs11.jar!/" type="simple" />
            <root url="jar://E:/develop/jdk1.8.0_212/jdk1.8.0_212/jre/lib/ext/zipfs.jar!/" type="simple" />
            <root url="jar://E:/develop/jdk1.8.0_212/jdk1.8.0_212/jre/lib/javaws.jar!/" type="simple" />
            <root url="jar://E:/develop/jdk1.8.0_212/jdk1.8.0_212/jre/lib/jce.jar!/" type="simple" />
            <root url="jar://E:/develop/jdk1.8.0_212/jdk1.8.0_212/jre/lib/jfr.jar!/" type="simple" />
            <root url="jar://E:/develop/jdk1.8.0_212/jdk1.8.0_212/jre/lib/jfxswt.jar!/" type="simple" />
            <root url="jar://E:/develop/jdk1.8.0_212/jdk1.8.0_212/jre/lib/jsse.jar!/" type="simple" />
            <root url="jar://E:/develop/jdk1.8.0_212/jdk1.8.0_212/jre/lib/management-agent.jar!/" type="simple" />
            <root url="jar://E:/develop/jdk1.8.0_212/jdk1.8.0_212/jre/lib/plugin.jar!/" type="simple" />
            <root url="jar://E:/develop/jdk1.8.0_212/jdk1.8.0_212/jre/lib/resources.jar!/" type="simple" />
            <root url="jar://E:/develop/jdk1.8.0_212/jdk1.8.0_212/jre/lib/rt.jar!/" type="simple" />
          </root>
        </classPath>
        <javadocPath>
          <root type="composite" />
        </javadocPath>
        <sourcePath>
          <root type="composite">
            <root url="jar://E:/develop/jdk1.8.0_212/jdk1.8.0_212/src.zip!/" type="simple" />
            <root url="jar://E:/develop/jdk1.8.0_212/jdk1.8.0_212/javafx-src.zip!/" type="simple" />
          </root>
        </sourcePath>
      </roots>
      <additional />
    </jdk>
  </component>
</application>