<application>
  <component name="NodeJsLocalInterpreterManager">
    <local-interpreter path="E:/develop/nodejs/node.exe">
      <version-cache last-modified="0" />
    </local-interpreter>
    <local-interpreter path="E:/develop/nodejs14/node.exe">
      <version-cache version="14.16.1" last-modified="1617694048000" />
    </local-interpreter>
    <local-interpreter path="E:/develop/nodejs17/node.exe">
      <version-cache last-modified="0" />
    </local-interpreter>
    <local-interpreter path="E:/develop/nodejs18/node.exe">
      <version-cache version="18.12.1" last-modified="1667550404000" />
    </local-interpreter>
  </component>
</application>