<application>
  <component name="AppStorage">
    <option name="newTranslationDialogHeight" value="429" />
    <option name="newTranslationDialogWidth" value="588" />
    <option name="newTranslationDialogX" value="558" />
    <option name="newTranslationDialogY" value="155" />
    <option name="pinTranslationDialog" value="true" />
    <histories>
      <item value="consumer" />
      <item value="Quartz" />
      <item value="Abstruct" />
      <item value="Abstruct Balance" />
      <item value="DELIVERY" />
      <item value="No serializer found for class com.chenglian.wx.officialAccounts.WxMpTemplateData and no properties discovered to create BeanSerializer (to avoid exception, disable SerializationFeature.FAIL_ON_EMPTY_BEANS) (through reference chain: java.util.LinkedHashMap[&quot;data&quot;]-&gt;java.util.LinkedHashMap[&quot;msg&quot;])" />
      <item value="No serializer found" />
      <item value="Only variable expressions returning numbers or booleans are allowed in this context, any other datatypes are not trusted in the context of this expression, including Strings or any other object that could be rendered as a text literal." />
      <item value="Quick path for equal scale and non-inflated case." />
      <item value="Requested bean is currently in creation: Is there an unresolvable circular reference?" />
      <item value="validation" />
      <item value="epoll" />
      <item value="Invalid Extension" />
      <item value="Invalid" />
      <item value="业务" />
      <item value="模块" />
      <item value="profile" />
      <item value="指定" />
      <item value="附件" />
      <item value="resume Link" />
      <item value="nvc Release Persion" />
      <item value="category" />
      <item value="Error getting generated key or setting result to parameter object. Cause: com.microsoft.sqlserver.jdbc.SQLServerException: The statement must be executed before any results can be obtained." />
      <item value="The statement must be executed before any results can be obtained." />
      <item value="Error getting generated key or setting result to parameter object." />
      <item value="Error getting generated key or setting result to parameter object" />
      <item value="Unexpected exception occurred invoking async method:" />
      <item value="l requirement is incompatible with the one for this method." />
      <item value="Term" />
      <item value="参考" />
      <item value="bussiness" />
      <item value="Deprecated" />
      <item value="去除所有空格" />
      <item value="arthas" />
      <item value="to improve or upgrade the structure of industry" />
      <item value="优化" />
      <item value="enable Default Typing" />
      <item value="set Visibility" />
      <item value="taoteching" />
      <item value="效率" />
      <item value="提高" />
      <item value="2002" />
      <item value="同比" />
      <item value="业绩得分" />
      <item value="kotlin" />
      <item value="处理器" />
      <item value="Processer" />
      <item value="after Fill Data" />
      <item value="当天" />
      <item value="Predicate" />
    </histories>
    <option name="languageScores">
      <map>
        <entry key="CHINESE" value="320" />
        <entry key="ENGLISH" value="313" />
        <entry key="AFRIKAANS" value="2" />
        <entry key="ROMANIAN" value="1" />
        <entry key="NORWEGIAN" value="1" />
        <entry key="SWEDISH" value="1" />
        <entry key="INDONESIAN" value="1" />
      </map>
    </option>
  </component>
  <component name="Cache">
    <option name="lastTrimTime" value="1678087508913" />
  </component>
  <component name="Settings">
    <option name="translator" value="YOUDAO" />
    <option name="youdaoTranslateSettings">
      <youdao-translate>
        <option name="appId" value="67aaf443b6427f12" />
      </youdao-translate>
    </option>
  </component>
</application>